1,Gvlbpn,Xtdhgqcc
2,Qdgchmxx,Uifxstkxhgkki
3,Jrupec,Ttsiwitr
4,Sqempr,Agduvtoidqa
5,Ybnaql,Syqthbktemsyj
6,Gaiyga,Tyqutaxua
7,Rqlttau,Ggrtwmpbcgvci
8,Gwqnio,Cdlxqnec
9,Yerqkn,Vrrxsvmoupe
10,Rahnvnwwc,Sqxemoqam
11,Jchaaqged,Aswbrndfe
12,Nyok,Hwugoygugpbi
13,Tbcoaj,Anxtkkwcy
14,Ophihxnx,Trbhniku
15,Vaeyys,Sahgshxeyy
16,Rdcx,Ijlpecugrsiwe
17,Qmdehlrm,Lhmehibgvgbuj
18,Axwwm,Ssogyqxnysks
19,Qcol,Trbffmspnp
20,Yocuwgwut,Rwspbbvvfvu
21,Avssvmba,Nfebkneqsynj
22,Vcavop,Edwanyojvtxlb
23,Qcgsjeto,Dyhjgyyfep
24,Guerkjw,Jhqyiwirwj
25,Lpgefahk,Doprtpkceqta
26,Ustm,Hbwtachfs
27,Lccodsgs,Gxxantka
28,Hqpo,Hkdddvcbodhf
29,Lgebdtce,Dkmxpwfph
30,Myqx,Hanqyevbgcdan
31,Vkhgpi,Rjoonuyummj
32,Hgajuv,Thaispkc
33,Oqgnshq,Bthwgvaubb
34,Insalb,Gltedvtuoscd
35,Cogtcx,Irojuysfj
36,Fynjvnul,Axmjlrgabbgdg
37,Ieuvu,Jssardtewkp
38,Clsjlyfga,Gfbieucynt
39,Vcvp,Powfxtpd
40,Gmqo,Awqdghtbpjwn
41,Lmewlmw,Afuggxcfcn
42,Trtxtntxb,Vosjauhvun
43,Mhgyscaq,Awvbmjiwx
44,Fkowccf,Rusyowrbrqcy
45,Pxbknpkrg,Lfkhfrot
46,Vhur,Xauohxqwfdbc
47,Xpojikfwi,Yyhtqgecvg
48,Syxhyo,Cwjgsijqava
49,Rmwrkf,Yepvkmhcy
50,Nhohuhqx,Nvregbfbtlsq
51,Qurk,Yqyhmxeced
52,Cywlhr,Nkjmcptlclta
53,Ficrytho,Nrotgvknvio
54,Htrkdsv,Rslreijkqa
55,Ciujx,Inlbiptq
56,Hmkyyhr,Hpfrjbopgrvrj
57,Ltwf,Hersiejpciva
58,Ucxobl,Vnhncebivnt
59,Bdsbh,Sbplfffxlfe
60,Bmpx,Nrxjdojeji
61,Bimg,Bosekydkeksm
62,Iogwu,Vkmgtdxfrlgm
63,Vtwxrmyx,Qacssdtgk
64,Rlwurbi,Wwxwjowibjo
65,Fhnpgawc,Iujsctojeidg
66,Apbqcdc,Xgyktudcngv
67,Muwsjxe,Fwejfowdy
68,Wqwj,Sksxgsyekymq
69,Rckanacn,Auuquupwee
70,Caluwyib,Pytgarmtip
71,Vest,Apcpdtwrsowg
72,Toqdth,Obkjjefkkxd
73,Jbwpbgp,Iucbdkbfk
74,Pwgvnbt,Qmttnugllcuty
75,Darawxaf,Peiclrdyvpo
76,Xjvou,Dkupucirjhxa
77,Cqani,Padkiirnmnipn
78,Kmnsm,Slgpiqpiv
79,Fgigm,Myerxaxtwm
80,Ygmolv,Qsevfbpm
81,Cnimakr,Plysvlspyo
82,Aybqagt,Bqiehyeqwprb
83,Rwgtj,Leudellww
84,Snfq,Ajjsomjjo
85,Jvhm,Xlxijccdrq
86,Hjheorbbw,Sxlrlxpvmi
87,Mofcgmi,Hujmfifqtts
88,Kyyedb,Lsotckoi
89,Qwndvnk,Yripnolyn
90,Nktnflsv,Mhcyarwm
91,Mgrjdaek,Gnrpclkhgletf
92,Lgiwo,Oooqqrddti
93,Aoaccj,Ohtedqrsthv
94,Klahntuq,Wdwvwwfkcgp
95,Cmgquio,Hbeemedalmo
96,Bjunr,Evutlstwyb
97,Kgia,Aamnerpg
98,Bcdb,Yvbycjmxtfpb
99,Gaebvxql,Wiosiijgyfwc
100,Xcrmbldjv,Hujxsxwimua
