1,7,Qmslc,Yhnmevxhu,2013-04-04
2,68,Jyptfg,Faycbfqrr,2013-06-15
3,13,Geiw,Qotusyp,2013-04-01
4,44,Wpewb,Ofqh,2013-09-04
5,12,Xngflabk,Oeyu,2013-09-06
6,93,Xbvoudx,Hjnlwwi,2013-06-18
7,29,Dyxsabilb,Lhppt,2013-03-01
8,25,Vogfpx,Gjtfawyfq,2013-06-24
9,74,Uiog,Rtovlrq,2013-09-04
10,1,Cewsoyqvs,Miibcyanr,2013-06-16
11,98,Lljglmoqu,Rnfq,2013-04-25
12,62,Nsnpg,Vreptlsai,2013-08-11
13,73,Wnrkdqayf,Elpc,2013-03-26
14,91,Mpfyxe,Otcomr,2013-01-11
15,94,Ihuonmiae,Yplxxgy,2013-10-17
16,27,Miqxvxc,Xsgkntqhk,2013-08-12
17,22,Ijalqt,Rdrxvya,2013-09-22
18,53,Yocxi,Unqtejin,2013-06-20
19,17,Ayrbfqjwx,Sutbhk,2013-09-17
20,3,Qynuhvw,Urxo,2013-11-21
21,54,Oltcqf,Tgwgwghs,2013-07-07
22,82,Dmryt,Katpry,2013-02-06
23,81,Qmmr,Yhgvcni,2013-04-14
24,99,Pknufvwt,Mmfejrx,2013-11-12
25,13,Mbomnnuhe,Lydokdul,2013-05-13
26,3,Twjl,Sbeikx,2013-09-21
27,4,Thrdird,Kpcfaxn,2013-05-09
28,22,Bpwdnq,Oaqi,2013-11-09
29,99,Eayu,Fpsten,2013-03-20
30,85,Gjqbvgvyf,Gupwvk,2013-07-17
31,62,Ojsqlks,Qggfajvgi,2013-11-16
32,8,Anmd,Mtugj,2013-10-22
33,50,Wrvmy,Ipfo,2013-05-15
34,49,Ofcdvawlu,Njbnpvcla,2013-05-17
35,67,Hgxtrvye,Xpee,2013-11-25
36,51,Qodohut,Adhrshwlf,2013-10-08
37,74,Qkup,Thbxvyc,2013-01-04
38,68,Eqdumvuvg,Tmguavft,2013-08-14
39,5,Svsck,Aefix,2013-11-04
40,74,Cvvgnjnt,Gakqhq,2013-04-27
41,6,Mxfyac,Qybdokewk,2013-08-13
42,26,Jbxvgdpbf,Wrcdd,2013-05-13
43,71,Yvbueobbk,Gsqutn,2013-06-26
44,76,Ouykcnpbs,Sybfy,2013-04-21
45,87,Hvqdre,Xcjoeibu,2013-04-17
46,39,Fituc,Trpi,2013-03-12
47,96,Uebal,Bopbpyu,2013-09-22
48,85,Awovv,Vqfcyk,2013-09-03
49,80,Nfleo,Tuftcunwp,2013-09-08
50,38,Mwfqp,Skarabfiq,2013-08-18
51,11,Mvljkrbd,Sjtuwq,2013-01-14
52,74,Rlpanbbhk,Ajwudn,2013-05-26
53,92,Urqobkwx,Hcuxrss,2013-03-08
54,30,Cujl,Rtntwqxf,2013-09-26
55,65,Hnwcbx,Yefhwlm,2013-08-03
56,6,Huwljfwhf,Klmy,2013-06-20
57,61,Ycmivwqvx,Ddgvm,2013-06-07
58,17,Odrmmlg,Rtbf,2013-06-18
59,58,Jmgvl,Lobrvr,2013-05-11
60,22,Iowqalya,Ldmk,2013-11-10
61,22,Eqrgfih,Ieitm,2013-02-24
62,43,Qpyqm,Wyfq,2013-10-26
63,97,Sdyqam,Kqqwkjt,2013-04-07
64,98,Bmjj,Lrqxryuca,2013-02-19
65,68,Spptpecu,Dtipjs,2013-11-04
66,25,Flnygsokv,Mxtbshgeb,2013-01-14
67,50,Afbehw,Emnmpjsp,2013-06-16
68,38,Yplrsiobh,Yequ,2013-08-10
69,2,Gmmrxfro,Hboulsan,2013-04-11
70,73,Evnsdkc,Crdx,2013-08-04
71,18,Qrtw,Irwjaqodf,2013-05-18
72,64,Jfocofqmy,Essl,2013-03-27
73,91,Pkkiqjjb,Mnsitomw,2013-03-13
74,55,Smoaxx,Qhmuuubmw,2013-02-26
75,1,Qalqu,Xfhjwpvsa,2013-03-03
76,51,Cyyx,Wkhwygbd,2013-06-15
77,85,Oueknx,Ghbjix,2013-07-22
78,73,Hflorrojx,Upjmaepg,2013-07-02
79,53,Rlkjcc,Wfjbeto,2013-05-26
80,29,Awsicfei,Bnndoakyp,2013-07-12
81,87,Lwegtx,Anyu,2013-10-25
82,23,Ebqubq,Byvgug,2013-09-17
83,31,Hhpq,Sykqdjp,2013-07-24
84,26,Jhmvkdli,Xiagsnidu,2013-10-23
85,52,Xnxfrao,Cxxc,2013-09-13
86,9,Gswfj,Lxyv,2013-09-11
87,71,Mghaaj,Tofy,2013-07-17
88,5,Ltkuupiva,Qdur,2013-09-22
89,35,Qocqsu,Ynqsaor,2013-02-23
90,54,Pyucfxa,Mrprugm,2013-05-27
91,86,Hxbgvgqq,Eumn,2013-01-17
92,37,Wtjcfvyq,Koocfyhd,2013-03-25
93,48,Enpd,Hags,2013-06-17
94,11,Xjhw,Keftu,2013-05-20
95,92,Yesxwqok,Dqog,2013-05-16
96,21,Uwgsmkrnx,Oyyhxcj,2013-06-25
97,41,Brcffa,Pjbijkqpn,2013-08-01
98,37,Rgqsvt,Hmdxv,2013-02-17
99,16,Dwbbcchd,Igeiwb,2013-03-17
100,48,Xqceig,Kfkep,2013-06-22
