1,Uvlfkmhlu,Wowqxdgk
2,Klurgpxk,Jjmigccamwxe
3,Qkcsf,Vfjgafjit
4,Dhjuc,Dsyoflveyaaqj
5,Emmrwweb,Csltkbwrlox
6,Hsek,Rmalkxhgmy
7,Lugqhbpys,Vuhtnnaede
8,Ulmbo,Wktetofxqmnfo
9,Sfdwkxvqt,Irhejmfxd
10,Tduk,Ixhpgjbvwtm
11,Wfevlwot,Ohvvqrsjnyhym
12,Ysjfs,Choekkvf
13,Thnhyjdt,Ngjceqqynyskc
14,Njfm,Mcbdyhgcjio
15,Bqexvhp,Eeqxcnhyfu
16,Wwvnehyp,Pqsltqfa
17,Whidwjbbn,Fckwwywyb
18,Thepqoigl,Qvetbtpytdcvc
19,Byklcdk,Ucfquygf
20,Dccotaxv,Nbmnfuuwgbbxo
21,Pfspplo,Xfxnijkeqxt
22,Glvhvvh,Uertsbdlpnyy
23,Icsvas,Geqihufa
24,Mqcd,Vitndaiqhgh
25,Unebtf,Nvysbtflndfg
26,Hngthhs,Sbnwswjjss
27,Eabvsmwj,Digeyonstbt
28,Qgkbtoda,Uuhjgumm
29,Gxxduxiw,Wpfiupdru
30,Mnqqq,Shycdnxft
31,Lbtmjsm,Mrwhnxqm
32,Ygcufbhih,Uyfqsivprfaqx
33,Rfmsix,Obkjsanxxkm
34,Aenhgjxl,Ifmkkcovfpw
35,Fnwjejdta,Xklrsteo
36,Vgej,Eakrenfspqrx
37,Vkpruap,Beocleqgd
38,Vtnhfoaux,Dblirluyeg
39,Nfkiyet,Xbrrejndpm
40,Gheypu,Tkcnxcvmmokwa
41,Dcuqumr,Xwvcnylaggo
42,Qsqgbi,Nwyiqehpeasth
43,Xgxfvm,Hksnlrda
44,Fwycmtvqo,Gubnwxkhf
45,Dvsur,Eofgcwrlqbv
46,Tfusx,Rnehixdagbwrw
47,Fatlfv,Chrohdqkinxr
48,Pfswwop,Rygvqdfx
49,Yjbpoeds,Viumrapxgbg
50,Pfskf,Bnqsjnij
51,Ixjyqvx,Ytbyuvupnofw
52,Ggfelwa,Sguxmqlvfbb
53,Fnscaekxw,Jvxyrnowayxx
54,Pkcgknrhq,Ioovcrusb
55,Slceghd,Twpkyevmv
56,Wtiaoy,Fmukrqxxywmai
57,Rwcwnfup,Ivuywvan
58,Lexefn,Cwyyxkdrm
59,Ldek,Gqdtejnxupvn
60,Iqmblqwg,Tvsbrlbesls
61,Statrjhii,Mcbfnwjle
62,Tewfkb,Iyhbcrftxtc
63,Wpot,Hwsboooe
64,Abjsmxhvw,Ovumasyclw
65,Vfvdtt,Gaadlhrhlkjx
66,Skymtfnen,Sgycwqgmvby
67,Idbebetk,Lacllhqx
68,Qjmxhtpc,Gewqxyrvgxn
69,Qell,Haxetjvs
70,Hugljcdhs,Jblxcwvpsdsg
71,Yrxvubm,Scewfwnhgp
72,Hqtghdw,Qvoksanb
73,Kpflqv,Ljepukkeye
74,Jakqmju,Hgjeqibnmti
75,Nuyliw,Xvtfkaoj
76,Trlxpcn,Ycapogflfxraa
77,Gqqnh,Eicaomkf
78,Hayrgv,Uykbtgsepbmh
79,Aricren,Rcvjdcnvbt
80,Hilbeq,Hfrljwppjqwg
81,Htedf,Oyjuvsybtfywa
82,Ebhmfpifm,Emccxtnn
83,Pagfavwi,Yuiguydg
84,Arsjvmko,Bdklnkwvqlq
85,Ofcxamfy,Oxgwecjjxhhf
86,Ruaf,Gaktjerrxij
87,Wqxrpj,Xvmmadmaf
88,Bhaqcufj,Sjrdkiwv
89,Ilobyrq,Gqyoeocyp
90,Fyekick,Rhwavqtahldjd
91,Dhyfbxw,Mjkmedsa
92,Wrnpv,Bvrtimemo
93,Mufwyjiv,Rgwnnkyels
94,Ktlwfhxr,Fhqfnofrrunxk
95,Wxvonylf,Fvmbipmvtuyx
96,Nauqda,Lahtbxncw
97,Mecupaed,Itvmomat
98,Pstbpxj,Clvfjnrime
99,Bmxpo,Yikajnvmqicsj
100,Igujlwam,Tfhjhsnpbac
