1,75,Beyhd,Amtb,2013-05-18
2,82,Qlsef,Tlrp,2013-04-11
3,91,Ewwrui,Vnfofr,2013-10-26
4,27,Yljpc,Okgrwu,2013-07-20
5,22,Cstw,Noutnu,2013-11-22
6,46,Fhxbqp,Qacvg,2013-01-19
7,28,Mebp,Cnoee,2013-07-19
8,36,Yhxiaaq,Jnlp,2013-09-19
9,16,Wbqljwhc,Fidjdbgkq,2013-08-13
10,98,Tyypbebnu,Wqvabt,2013-04-22
11,93,Kfnkeacc,Rykmc,2013-11-09
12,52,Hclyomndn,Hdfh,2013-11-12
13,50,Ktvtq,Kuomdohb,2013-11-27
14,17,Liba,Nbnwa,2013-09-18
15,89,Riakrq,Kynw,2013-09-07
16,82,Nrxifjs,Phjlxnr,2013-07-20
17,72,Bawbrmctn,Hjyakwhjp,2013-01-03
18,18,Gpmxu,Cvmhch,2013-04-03
19,57,Sade,Alji,2013-03-04
20,23,Iumid,Ofqnh,2013-08-14
21,73,Sbly,Sabwhgybp,2013-07-22
22,91,Ydtuhax,Csemaobd,2013-03-27
23,35,Lefwtwav,Xbdmiwdo,2013-05-08
24,4,Beiud,Yllsvmeqe,2013-02-26
25,86,Dcwhqd,Hmirc,2013-08-07
26,73,Blikgcws,Fsfxj,2013-02-13
27,31,Knqcgxqtx,Syyoyj,2013-01-19
28,90,Mbbp,Quxyowph,2013-03-10
29,92,Fxuu,Ackxjl,2013-09-14
30,26,Bpwi,Xworii,2013-11-14
31,7,Sessnyq,Pmgkcbtmb,2013-01-27
32,81,Naebgu,Pknfuo,2013-07-23
33,81,Gcrov,Ecrr,2013-07-03
34,74,Evuxrux,Sevnwy,2013-09-10
35,30,Vxkgdntyd,Dydjiprhs,2013-04-16
36,66,Jqshcle,Betjin,2013-10-27
37,51,Wuew,Ulswmupp,2013-07-20
38,37,Obrxn,Ynhg,2013-08-14
39,25,Vtybrvw,Dutghh,2013-04-25
40,66,Kqtldwf,Cloafpr,2013-06-08
41,81,Erjuu,Thwk,2013-04-27
42,28,Gsqsfvn,Dmxjr,2013-08-27
43,86,Irryirtg,Miwdyfxs,2013-06-01
44,16,Kntomf,Qbcr,2013-10-22
45,87,Gkhp,Fhrdxuw,2013-10-21
46,10,Ypdfpoj,Sjtcx,2013-11-11
47,83,Tjynbhgy,Xxdheqm,2013-05-10
48,92,Ddqfey,Hcuod,2013-07-16
49,81,Oqgbiqkg,Seakdhidw,2013-05-09
50,82,Ksqvnth,Itmkuce,2013-08-09
51,64,Tanoygrx,Hedwgv,2013-05-12
52,3,Flylxx,Sxsltr,2013-04-07
53,67,Fkpqf,Mcpr,2013-09-09
54,31,Brwrqq,Nrvb,2013-08-17
55,29,Fhjipkr,Wvssdthkf,2013-09-21
56,31,Baecok,Ywrxmp,2013-09-07
57,84,Xulk,Kypqcswye,2013-11-20
58,74,Odhirh,Mohklld,2013-11-27
59,66,Lsacxkti,Vuxpjntfy,2013-07-18
60,99,Vson,Iktbohciw,2013-08-02
61,5,Bisdbtw,Hmhoe,2013-05-12
62,93,Nhjwc,Wspklvyfc,2013-03-06
63,68,Uiotckvr,Rveojvehi,2013-02-24
64,72,Tpfcyw,Vqmvrh,2013-10-14
65,46,Hhxsohg,Qsnrinef,2013-09-02
66,57,Qsuuu,Nloql,2013-09-08
67,33,Qwoeelke,Woechewe,2013-01-06
68,7,Hghwbnhe,Tkxfxr,2013-06-18
69,40,Gbloiyr,Dsfksq,2013-07-22
70,7,Rqjcwyh,Dtojj,2013-01-14
71,81,Graanl,Owlhqqk,2013-06-03
72,12,Bpjw,Gxvivq,2013-01-27
73,14,Anuiuckw,Mudvaod,2013-07-27
74,85,Nkdjdn,Sing,2013-11-05
75,93,Kxgoxkb,Nximtao,2013-06-19
76,80,Mehodnro,Vgsom,2013-05-25
77,65,Efkw,Xduqo,2013-10-02
78,100,Fdcumdpwg,Rwjriewvw,2013-01-13
79,60,Doavboxo,Scijbbqrs,2013-02-18
80,50,Xkdcjtlm,Abmvierw,2013-01-24
81,18,Ahsm,Lvimwpyc,2013-02-16
82,1,Fohxcor,Xhfrhptcu,2013-05-15
83,5,Tbfcbdlx,Pcsfwswri,2013-05-05
84,68,Yfsqlvr,Hwevdba,2013-11-11
85,60,Uqkspochj,Dsjnf,2013-08-10
86,28,Xygipiqn,Apcfp,2013-05-16
87,99,Cyqodlc,Mgrb,2013-11-26
88,92,Eyche,Rlved,2013-01-27
89,88,Kjyodrntn,Utavrgr,2013-05-07
90,64,Alcxthpfl,Hjhkndiql,2013-05-07
91,29,Cayvu,Muvrgf,2013-10-05
92,87,Pwrsiny,Qybbeiw,2013-11-13
93,58,Ybrnh,Lskum,2013-08-24
94,38,Tovctrp,Jugcggok,2013-04-24
95,79,Lospiybf,Uoechkue,2013-03-20
96,71,Wsdv,Xckuji,2013-04-14
97,73,Bcyeh,Hnjefxwmc,2013-09-20
98,38,Egpkfbnc,Yqosemno,2013-11-25
99,85,Hyywi,Cvaagnt,2013-03-01
100,97,Nvqqvqoq,Pwuwddntm,2013-10-25
